{
    "hp": 3,
    "maxHp": 13,
    "slotLevel": [
        5,
        1
    ],
    "attack": 20.899999618530275,
    "damage": 13.0,
    "attackSpeed": 2.0,
    "attackRange": 0.12999999523162843,
    "moveSpeed": 5.087500095367432,
    "critChance": 0.0,
    "playerSkillNum": [
        1,
        5
    ],
    "_fragmentAmount": 909,
    "bossFragmentAmount": 0,
    "playerTransformTypeFlag": 0
}