{
    "hp": 8,
    "maxHp": 13,
    "slotLevel": [
        5,
        4
    ],
    "attack": 17.600000381469728,
    "damage": 11.0,
    "attackSpeed": 1.5,
    "attackRange": 1.2999999523162842,
    "moveSpeed": 5.725000381469727,
    "critChance": 11.0,
    "playerSkillNum": [
        4,
        3
    ],
    "_fragmentAmount": 12749,
    "bossFragmentAmount": 0,
    "playerTransformTypeFlag": 1
}