{
    "hp": 12,
    "maxHp": 12,
    "slotLevel": [
        1,
        4
    ],
    "attack": 17.600000381469728,
    "damage": 11.0,
    "attackSpeed": 1.5,
    "attackRange": 1.2999999523162842,
    "moveSpeed": 5.300000190734863,
    "critChance": 11.0,
    "playerSkillNum": [
        4,
        5
    ],
    "_fragmentAmount": 100000,
    "bossFragmentAmount": 0,
    "playerTransformTypeFlag": 1
}