{
    "hp": 101,
    "maxHp": 101,
    "slotLevel": [
        2,
        5
    ],
    "attack": 22.549997329711915,
    "damage": 14.0,
    "attackSpeed": 1.5,
    "attackRange": 1.4299999475479127,
    "moveSpeed": 5.725000381469727,
    "critChance": 15.0,
    "playerSkillNum": [
        4,
        1
    ],
    "_fragmentAmount": 1519,
    "bossFragmentAmount": 0,
    "fragmentAddAcq": 1.0,
    "playerTransformTypeFlag": 1
}