{
    "hp": 4,
    "maxHp": 12,
    "slotLevel": [
        1,
        4
    ],
    "attack": 20.899999618530275,
    "damage": 13.0,
    "attackSpeed": 2.0,
    "attackRange": 1.2999999523162842,
    "moveSpeed": 4.237500190734863,
    "critChance": 11.0,
    "playerSkillNum": [
        4,
        5
    ],
    "_fragmentAmount": 103591,
    "bossFragmentAmount": 0,
    "playerTransformTypeFlag": 1
}