{
    "hp": 0,
    "maxHp": 100,
    "slotLevel": [
        5,
        5
    ],
    "attack": 11.330001831054688,
    "damage": 7.0,
    "attackSpeed": 1.5450003147125245,
    "attackRange": 1.2999999523162842,
    "moveSpeed": 6.702498912811279,
    "critChance": 0.0,
    "critDamage": 150.0,
    "playerSkillNum": [
        2,
        3
    ],
    "_fragmentAmount": 1041,
    "fragmentAddAcq": 1.0,
    "playerTransformTypeFlag": 0,
    "skillCoolDown": 0
}