{
    "hp": 6,
    "maxHp": 12,
    "slotLevel": [
        1,
        4
    ],
    "attack": 22.549999237060548,
    "damage": 14.0,
    "attackSpeed": 2.0,
    "attackRange": 1.2999999523162842,
    "moveSpeed": 5.512500286102295,
    "critChance": 3.0,
    "playerSkillNum": [
        4,
        5
    ],
    "_fragmentAmount": 101471,
    "bossFragmentAmount": 0,
    "playerTransformTypeFlag": 1
}