{
    "hp": 6,
    "maxHp": 13,
    "slotLevel": [
        5,
        1
    ],
    "attack": 15.949999809265137,
    "damage": 10.0,
    "attackSpeed": 1.5,
    "attackRange": 1.2999999523162842,
    "moveSpeed": 5.087500095367432,
    "critChance": 0.0,
    "playerSkillNum": [
        1,
        3
    ],
    "_fragmentAmount": 1610,
    "bossFragmentAmount": 0,
    "playerTransformTypeFlag": 0
}