{
    "hp": 11,
    "maxHp": 13,
    "slotLevel": [
        5,
        1
    ],
    "attack": 17.600000381469728,
    "damage": 11.0,
    "attackSpeed": 1.5,
    "attackRange": 0.12999999523162843,
    "moveSpeed": 6.150000095367432,
    "critChance": 0.0,
    "playerSkillNum": [
        1,
        2
    ],
    "_fragmentAmount": 5,
    "bossFragmentAmount": 0,
    "playerTransformTypeFlag": 0
}